Slope,Intercept,Slope_Error,Intercept_Error,TurnOffColor,TurnOffMag
-3.4155017726561354, 20.119466570161787, 0.05868364069481093, 0.053493759576826866, 0.74175644, 0
