Slope,Intercept,Slope_Error,Intercept_Error,TurnOffColor
-3.3107143927097864, 20.02791956418812, 0.08839048351116827, 0.08090254524412095, 0.74175644
