Slope,Intercept,Slope_Error,Intercept_Error,TurnOffColor
-1.4657974282833006, 19.46064282595202, 0.3393983550578875, 0.6415097077188504, 0.4805374
