Slope,Intercept,Slope_Error,Intercept_Error,TurnOffColor
4.257009592246085, 10.742566598959137, 0.010898938936025308, 0.010848146242033244, -0.13875198
