Slope,Intercept,Slope_Error,Intercept_Error,TurnOffColor
3.708322405951369, 9.601659743991831, 0.004892050264886614, 0.005730129978786607, -0.0015821457
