Slope,Intercept,Slope_Error,Intercept_Error,TurnOffColor
0.014975922904128565, 16.720352935284758, 0.3520153893686737, 0.24731165174283068, 0.62706375
