Slope,Intercept,Slope_Error,Intercept_Error,TurnOffColor,TurnOffMag
1.5029431419300177, 15.744057725032842, 0.4247943124596161, 0.2907269404248717, 0.5438261, 16.756336
