Slope,Intercept,Slope_Error,Intercept_Error,TurnOffColor,TurnOffMag
3.9151647345330427, 8.121287614433115, 0.013146363239822515, 0.019028165073555783, 0.18097019, 8.749742
