Slope,Intercept,Slope_Error,Intercept_Error,TurnOffColor,TurnOffMag
-2.771362412770746, 19.206108550104197, 0.2446435810140322, 0.2611388437399668, 0.7981329, 16.319887
