Slope,Intercept,Slope_Error,Intercept_Error,TurnOffColor,TurnOffMag
-2.2074234984188763, 18.534409840876894, 0.19535333033330607, 0.20681946619721575, 0.7981329, 16.319887
