Slope,Intercept,Slope_Error,Intercept_Error,TurnOffColor,TurnOffMag
-3.755281779658457, 20.2954399883399, 0.24896781399650803, 0.23088153377454781, 0.59550095, 16.67508
