Slope,Intercept,Slope_Error,Intercept_Error,TurnOffColor
4.255442012937492, 10.780925194202435, 0.014811161437535138, 0.014583175104605479, -0.13875198
