Slope,Intercept,Slope_Error,Intercept_Error,TurnOffColor,TurnOffMag
3.809528833615917, 10.544273450829873, 0.008555383426072689, 0.009425386100008688, 0.0297575, 10.652435
