Slope,Intercept,Slope_Error,Intercept_Error,TurnOffColor
-1.6074564621395437, 17.210443446354226, 0.1646709720545728, 0.11158038997737894, 0.53896904
