Slope,Intercept,Slope_Error,Intercept_Error,TurnOffColor,TurnOffMag
-1.7525175256525738, 17.341048467048523, 0.21273426356746572, 0.13868072295012734, 0.5558729, 15.864193
