Slope,Intercept,Slope_Error,Intercept_Error,TurnOffColor,TurnOffMag
-2.678414509959237, 19.090042733432774, 0.2788522740330816, 0.29251935002044, 0.7981329, 16.319887
