Slope,Intercept,Slope_Error,Intercept_Error,TurnOffColor,TurnOffMag
-0.1841879640020595, 16.12400646328385, 0.4027054055354093, 0.40740824562318173, 0.45835972, 14.8957615
