Slope,Intercept,Slope_Error,Intercept_Error,TurnOffColor,TurnOffMag
1.136467575317286, 15.18628985795022, 0.2418509403846578, 0.23790431339230989, 0.44055748, 15.214765
