Slope,Intercept,Slope_Error,Intercept_Error,TurnOffColor,TurnOffMag
-0.936200053125365, 17.84247586361242, 0.18116196921553074, 0.22487239369601109, 1.0444221, 17.281456
