Slope,Intercept,Slope_Error,Intercept_Error,TurnOffColor
-0.6466704153915587, 17.484285355157823, 0.3025029331887883, 0.38622244593071864, 1.0444221
