Slope,Intercept,Slope_Error,Intercept_Error,TurnOffColor
-2.527108219571254, 19.752775632699763, 0.08963535349329617, 0.10086510351588755, 0.6039505
