Slope,Intercept,Slope_Error,Intercept_Error,TurnOffColor,TurnOffMag
4.163752781179152, 13.866046221902124, 0.4578500275154116, 0.3140884858313343, 0.6125431, 16.610424
