Slope,Intercept,Slope_Error,Intercept_Error,TurnOffColor,TurnOffMag
5.345287571318282, 12.087325111826237, 0.1919231920755258, 0.13523482158510805, 0.07108307, 13.663803
