Slope,Intercept,Slope_Error,Intercept_Error,TurnOffColor,TurnOffMag
5.68680203794473, 11.784721060260019, 0.2501582658700744, 0.17388509092024892, 0.07108307, 13.663803
