Slope,Intercept,Slope_Error,Intercept_Error,TurnOffColor,TurnOffMag
4.911289019979959, 12.255376957632016, 0.24194724226898495, 0.16862426603059594, 0.07108307, 13.663803
