Slope,Intercept,Slope_Error,Intercept_Error,TurnOffColor
6.0918658536949115, 11.526910429123618, 0.2569281819033571, 0.17736637246902642, 0.5716438
