Slope,Intercept,Slope_Error,Intercept_Error,TurnOffColor,TurnOffMag
3.7590454928661656, 13.115376354802013, 0.3798884787323832, 0.2530993142884819, 0.5789356, 15.194103
