Slope,Intercept,Slope_Error,Intercept_Error,TurnOffColor,TurnOffMag
1.9064704006819702, 14.528957709558751, 0.2863156848674909, 0.3433760531429537, 0.8165436, 15.760085
