Slope,Intercept,Slope_Error,Intercept_Error,TurnOffColor
1.7090723468313318, 12.340857576556745, 0.11769515265325257, 0.05465225762858347, 0.102
