Slope,Intercept,Slope_Error,Intercept_Error,TurnOffColor,TurnOffMag
-1.759833601558237, 17.229600901440506, 0.2107688866009182, 0.1359422621814846, 0.5167799, 16.213173
