Slope,Intercept,Slope_Error,Intercept_Error,TurnOffColor,TurnOffMag
-1.926648001757106, 17.245317913598154, 0.30653377400382625, 0.19812241079180307, 0.49648666, 15.846999
