Slope,Intercept,Slope_Error,Intercept_Error,TurnOffColor,TurnOffMag
-1.9618191767833064, 17.25342785176693, 0.3062592432830218, 0.19759586727197315, 0.49648666, 15.846999
