Slope,Intercept,Slope_Error,Intercept_Error,TurnOffColor,TurnOffMag
-1.962762040964517, 17.268393336663504, 0.29683780592462666, 0.19106428890803284, 0.49648666, 15.846999
