Slope,Intercept,Slope_Error,Intercept_Error,TurnOffColor,TurnOffMag
0.2196762612076815, 16.188200899363263, 0.15609474487688038, 0.18407818824827485, 0.61224747, 15.960558
