Slope,Intercept,Slope_Error,Intercept_Error,TurnOffColor
6.5802509653569965, 6.6369639849913895, 0.2650910701022154, 0.10383592247278628, -0.19099998
