Slope,Intercept,Slope_Error,Intercept_Error,TurnOffColor
6.479055477295951, 6.915401505736337, 0.30108307076032575, 0.08923714405772384, -0.19099998
