Slope,Intercept,Slope_Error,Intercept_Error,TurnOffColor,TurnOffMag
-2.527108219571254, 19.752775632699763, 0.08963535349329617, 0.10086510351588755, 0.5418453, 17.55009
