Slope,Intercept,Slope_Error,Intercept_Error,TurnOffColor
5.559053507108937, 7.036908401518235, 0.14855549055876957, 0.05936754343696287, -0.15299988
