Slope,Intercept,Slope_Error,Intercept_Error,TurnOffColor
5.203195904922936, 9.914648094190623, 0.024339141797516416, 0.03513568641720436, 0.135
