Slope,Intercept,Slope_Error,Intercept_Error,TurnOffColor
-2.846058111607197, 20.500402572624342, 0.06174907054275727, 0.0694368610735826, 0.96637535
