Slope,Intercept,Slope_Error,Intercept_Error,TurnOffColor,TurnOffMag
-2.8899674073432218, 20.504329279113076, 0.04891134400184464, 0.054857236990121246, 0.880003, 17.725647
