Slope,Intercept,Slope_Error,Intercept_Error,TurnOffColor,TurnOffMag
-2.889967407343223, 20.504329279113076, 0.04891134400184447, 0.05485723699012106, 0.880003, 17.725647
