Slope,Intercept,Slope_Error,Intercept_Error,TurnOffColor,TurnOffMag
1.6708698952711958, 14.438619084817102, 0.25004343812142954, 0.24611628470413527, 0.33930492, 14.490567
